Original ID,Agreement Date,Maturity Date,Status,Quantity,Leg1 Notional,Leg1 currency,Leg1 price,Leg2 Notional,Leg2 currency,Leg2 price,Underlying,Counterparty,Direction,Product,UTI,Prior UTI
1041_10006_U516,08/01/2025 00:00:00,04/01/2027 00:00:00,LIVE,2543940.0000000000,11981957.4000000000,BRL,4.7100000000,2307195.7537080060,USD,0.45000000,BRDXCOACNOR8,00FLOO,SELL,EQSWAP,5493006QMFDDMYWIAM13104110006U516,
1041_10011_U1054,08/01/2025 00:00:00,04/01/2027 00:00:00,LIVE,360000.0000000000,23835600.0000000000,BRL,66.2100000000,4589683.7443920000,USD,0.45000000,BRPRIOACNOR1,00FLOO,SELL,EQSWAP,5493006QMFDDMYWIAM13104110011U1054,
1041_10401_U784,08/01/2025 00:00:00,04/01/2027 00:00:00,LIVE,168750.0000000000,-3157312.5000000000,BRL,18.7100000000,-607958.9293781250,USD,-0.40000000,BRSLCEACNOR2,00FLOO,BUY,EQSWAP,5493006QMFDDMYWIAM13104110401U784,
1041_11312_U1082,08/01/2025 00:00:00,04/01/2027 00:00:00,LIVE,600000.0000000000,11496000.0000000000,BRL,19.1600000000,2213621.8230600000,USD,0.45000000,BRSMFTACNOR1,00FLOO,SELL,EQSWAP,5493006QMFDDMYWIAM13104111312U1082,
1041_11687_U897,08/01/2025 00:00:00,04/01/2027 00:00:00,LIVE,1439940.0000000000,8927628.0000000000,BRL,6.2000000000,1719066.8204791980,USD,0.45000000,BRPOMOACNPR7,00FLOO,SELL,EQSWAP,5493006QMFDDMYWIAM13104111687U897,
1041_13301_U512,08/01/2025 00:00:00,04/01/2027 00:00:00,LIVE,100600.0000000000,3052204.0000000000,BRL,30.3400000000,587719.6749114800,USD,0.45000000,BRALOSACNOR5,00FLOO,SELL,EQSWAP,5493006QMFDDMYWIAM13104113301U512,
1041_13407_U519,08/01/2025 00:00:00,04/01/2027 00:00:00,LIVE,103000.0000000000,1483200.0000000000,BRL,14.4000000000,285598.8072311000,USD,0.45000000,BRPNVLACNOR9,00FLOO,SELL,EQSWAP,5493006QMFDDMYWIAM13104113407U519,
1044_10007_U1108,01/08/2025 00:00:00,05/08/2026 00:00:00,LIVE,3400000.0000000000,85325999.9998600000,BRL,25.0958823529,85325999.9998600000,BRL,-0.20000000,BRENEVACNOR8,00ZICE,SELL,EQSWAP,5493006QMFDDMYWIAM13104410007U1108,5493006QMFDDMYWIAM131044_10007_U1107
1044_10061_U461,01/08/2025 00:00:00,05/08/2026 00:00:00,LIVE,500000.0000000000,-21395000.0000000000,BRL,42.7900000000,-21395000.0000000000,BRL,-0.50000000,BRTAEECDAM10,00ZICD,BUY,EQSWAP,5493006QMFDDMYWIAM13104410061U461,5493006QMFDDMYWIAM131044_10061_U460
1044_10101_U1044,01/08/2025 00:00:00,05/08/2026 00:00:00,LIVE,2800000.0000000000,81956000.0000000000,BRL,29.2700000000,81956000.0000000000,BRL,-0.20000000,BRUGPAACNOR8,00ZICE,SELL,EQSWAP,5493006QMFDDMYWIAM13104410101U1044,5493006QMFDDMYWIAM131044_10101_U1042
1044_16501_U733,01/08/2025 00:00:00,05/08/2026 00:00:00,LIVE,24999.0000000000,1140954.3600000000,BRL,45.6400000000,1140954.3600000000,BRL,-0.20000000,BRRENTACNPR1,00ZICE,SELL,EQSWAP,5493006QMFDDMYWIAM13104416501U733,
1051_10001_U979,30/10/2025 00:00:00,03/11/2026 00:00:00,LIVE,38584.0000000000,2656980.7289413752,BRL,68.8622415753,528119.7343368856,USD,0.50000000,BRAXIAACNPB1,00YRB9,SELL,EQSWAP,5493006QMFDDMYWIAM13105110001U979,5493006QMFDDMYWIAM131051_10001_U977
1051_10015_U984,30/10/2025 00:00:00,03/11/2026 00:00:00,LIVE,1000.0000000000,43480.0000000000,BRL,43.4800000000,8372.3274936000,USD,0.50000000,BRITUBACNPR1,0087I1,SELL,EQSWAP,5493006QMFDDMYWIAM13105110015U984,5493006QMFDDMYWIAM131051_10015_U982
1051_10021_U1144,30/10/2025 00:00:00,03/11/2026 00:00:00,LIVE,180000.0000000000,-3501393.0599880000,BRL,19.4521836666,-695697.0264900000,USD,-0.40000000,BRB3SAACNOR6,0087I1,BUY,EQSWAP,5493006QMFDDMYWIAM13105110021U1144,5493006QMFDDMYWIAM131051_10021_U1136
1051_10042_U892,30/10/2025 00:00:00,03/11/2026 00:00:00,LIVE,1115.0000000000,62763.3500000000,BRL,56.2900000000,12085.4489603010,USD,0.50000000,BRBPACUNT006,00YRB9,SELL,EQSWAP,5493006QMFDDMYWIAM13105110042U892,5493006QMFDDMYWIAM131051_10042_U888
1051_10042_U921,30/10/2025 00:00:00,03/11/2026 00:00:00,LIVE,100.0000000000,-5629.0000000000,BRL,56.2900000000,-1083.8967677400,USD,-0.40000000,BRBPACUNT006,0087I1,BUY,EQSWAP,5493006QMFDDMYWIAM13105110042U921,5493006QMFDDMYWIAM131051_10042_U919
1051_10058_U614,30/10/2025 00:00:00,03/11/2026 00:00:00,LIVE,280002.0000000000,-3580680.2200205994,BRL,12.7880522997,-694960.4521317726,USD,-0.40000000,BRCMIGACNPR3,00YRB9,BUY,EQSWAP,5493006QMFDDMYWIAM13105110058U614,5493006QMFDDMYWIAM131051_10058_U610
1051_10058_U674,30/10/2025 00:00:00,03/11/2026 00:00:00,LIVE,90000.0000000000,1134900.0000000000,BRL,12.6100000000,218531.6116020000,USD,0.50000000,BRCMIGACNPR3,0087I1,SELL,EQSWAP,5493006QMFDDMYWIAM13105110058U674,5493006QMFDDMYWIAM131051_10058_U671
1051_10069_U1106,30/10/2025 00:00:00,03/11/2026 00:00:00,LIVE,600000.0000000000,-49547352.0000000000,BRL,82.5789200000,-9552578.4409200000,USD,-0.40000000,BRVALEACNOR0,0087I1,BUY,EQSWAP,5493006QMFDDMYWIAM13105110069U1106,5493006QMFDDMYWIAM131051_10069_U1105
1051_10075_U980,30/10/2025 00:00:00,03/11/2026 00:00:00,LIVE,1444841.0000000000,-94010863.5978442023,BRL,65.0665807503,-18717868.7260458537,USD,-0.40000000,BRAXIAACNOR0,00YRB9,BUY,EQSWAP,5493006QMFDDMYWIAM13105110075U980,5493006QMFDDMYWIAM131051_10075_U976
1051_10081_U867,30/10/2025 00:00:00,03/11/2026 00:00:00,LIVE,3256.0000000000,158469.5200000000,BRL,48.6700000000,30514.2299721864,USD,0.50000000,BRPETRACNPR6,00YRB9,SELL,EQSWAP,5493006QMFDDMYWIAM13105110081U867,5493006QMFDDMYWIAM131051_10081_U862
1051_10765_U1135,30/10/2025 00:00:00,03/11/2026 00:00:00,LIVE,400000.0000000000,-1537937.9000000000,BRL,3.8448447500,-302565.7959200000,USD,-0.40000000,BRVAMOACNOR7,00YRB9,BUY,EQSWAP,5493006QMFDDMYWIAM13105110765U1135,5493006QMFDDMYWIAM131051_10765_U1134
1051_11017_U955,30/10/2025 00:00:00,03/11/2026 00:00:00,LIVE,38000.0000000000,2712060.0000000000,BRL,71.3700000000,522222.9646328000,USD,0.50000000,BRORVRACNOR0,00YRB9,SELL,EQSWAP,5493006QMFDDMYWIAM13105111017U955,5493006QMFDDMYWIAM131051_11017_U954
1051_11032_U1028,30/10/2025 00:00:00,03/11/2026 00:00:00,LIVE,3000000.0000000000,451560000.0000000000,BRL,150.5200000000,86950510.6485000000,USD,0.50000000,BRLFTSCTF006,0087I1,SELL,EQSWAP,5493006QMFDDMYWIAM13105111032U1028,5493006QMFDDMYWIAM131051_11032_U1027
1051_11500_U1069,30/10/2025 00:00:00,03/11/2026 00:00:00,LIVE,500000.0000000000,5250000.0000000000,BRL,10.5000000000,1010918.1081000000,USD,0.50000000,BRCBAVACNOR5,00YRB9,SELL,EQSWAP,5493006QMFDDMYWIAM13105111500U1069,5493006QMFDDMYWIAM131051_11500_U1068
1051_13501_U653,30/10/2025 00:00:00,03/11/2026 00:00:00,LIVE,400000.0000000000,-6172000.0000000000,BRL,15.4300000000,-1188454.5834800000,USD,-0.40000000,BRCPLEACNOR8,0087I1,BUY,EQSWAP,5493006QMFDDMYWIAM13105113501U653,5493006QMFDDMYWIAM131051_13501_U650
1051_16607_U833,30/10/2025 00:00:00,03/11/2026 00:00:00,LIVE,4200000.0000000000,469770000.0000000000,BRL,111.8500000000,90456952.3149600000,USD,0.50000000,BRLLFTCTF001,0087I1,SELL,EQSWAP,5493006QMFDDMYWIAM13105116607U833,5493006QMFDDMYWIAM131051_16607_U831
1059_10081_U585,25/09/2025 00:00:00,28/09/2026 00:00:00,LIVE,1000.0000000000,48670.0000000000,BRL,48.6700000000,48670.0000000000,BRL,0.65000000,BRPETRACNPR6,00A20D,SELL,EQSWAP,5493006QMFDDMYWIAM13105910081U585,
1061_11484_U541,13/10/2025 00:00:00,14/10/2026 00:00:00,LIVE,2230200.0000000000,69582240.0000000000,BRL,31.2000000000,13398465.9847109400,USD,0.60000000,BRTENDACNOR4,00WI4X,SELL,EQSWAP,5493006QMFDDMYWIAM13106111484U541,
1063_14906_U1157,11/11/2025 00:00:00,13/11/2026 00:00:00,LIVE,428452.0000000000,151119935.6013440000,CLP,352.7114720000,169037.9592964508,USD,0.50000000,CL0000000035,00ZICB,SELL,EQSWAP,5493006QMFDDMYWIAM13106314906U1157,5493006QMFDDMYWIAM131063_14906_U1154
1063_14906_U1158,11/11/2025 00:00:00,13/11/2026 00:00:00,LIVE,3794939.0000000000,1338518520.8402080000,CLP,352.7114720000,1497224.2963377781,USD,0.50000000,CL0000000035,00ZICD,SELL,EQSWAP,5493006QMFDDMYWIAM13106314906U1158,5493006QMFDDMYWIAM131063_14906_U1154
1063_14906_U1159,11/11/2025 00:00:00,13/11/2026 00:00:00,LIVE,1350351.0000000000,476284288.9266720000,CLP,352.7114720000,532756.4753436129,USD,0.50000000,CL0000000035,00ZICE,SELL,EQSWAP,5493006QMFDDMYWIAM13106314906U1159,5493006QMFDDMYWIAM131063_14906_U1154
1063_14906_U1160,11/11/2025 00:00:00,13/11/2026 00:00:00,LIVE,237544.0000000000,83784493.9047680000,CLP,352.7114720000,93718.6732775576,USD,0.50000000,CL0000000035,00ZICG,SELL,EQSWAP,5493006QMFDDMYWIAM13106314906U1160,5493006QMFDDMYWIAM131063_14906_U1154
1063_14906_U1161,11/11/2025 00:00:00,13/11/2026 00:00:00,LIVE,162242.0000000000,57224614.6402240000,CLP,352.7114720000,64009.6360669918,USD,0.50000000,CL0000000035,007Y6R,SELL,EQSWAP,5493006QMFDDMYWIAM13106314906U1161,5493006QMFDDMYWIAM131063_14906_U1154
1063_14918_U879,11/11/2025 00:00:00,13/11/2026 00:00:00,LIVE,1411110.0000000000,117450368.0192524410,CLP,83.2326098031,130289.5007986500,USD,0.50000000,CLP371861061,00ZICB,SELL,EQSWAP,5493006QMFDDMYWIAM13106314918U879,5493006QMFDDMYWIAM131063_14918_U872
1063_14918_U880,11/11/2025 00:00:00,13/11/2026 00:00:00,LIVE,8679982.0000000000,727187004.5286727766,CLP,83.7774784013,812166.7078078322,USD,0.50000000,CLP371861061,00ZICD,SELL,EQSWAP,5493006QMFDDMYWIAM13106314918U880,5493006QMFDDMYWIAM131063_14918_U872
1063_14918_U881,11/11/2025 00:00:00,13/11/2026 00:00:00,LIVE,2810858.0000000000,235838047.8707688140,CLP,83.9025122830,263803.3795677284,USD,0.50000000,CLP371861061,00ZICE,SELL,EQSWAP,5493006QMFDDMYWIAM13106314918U881,5493006QMFDDMYWIAM131063_14918_U872
1063_14918_U883,11/11/2025 00:00:00,13/11/2026 00:00:00,LIVE,653044.0000000000,54515245.0096725240,CLP,83.4786706710,60661.0265701636,USD,0.50000000,CLP371861061,00ZICG,SELL,EQSWAP,5493006QMFDDMYWIAM13106314918U883,5493006QMFDDMYWIAM131063_14918_U872
1063_14918_U882,11/11/2025 00:00:00,13/11/2026 00:00:00,LIVE,511492.0000000000,42602955.9684864000,CLP,83.2915392000,47295.0845582632,USD,0.50000000,CLP371861061,007Y6R,SELL,EQSWAP,5493006QMFDDMYWIAM13106314918U882,5493006QMFDDMYWIAM131063_14918_U872
1063_14925_U579,11/11/2025 00:00:00,13/11/2026 00:00:00,LIVE,9853923.0000000000,1330941615.1600956849,CLP,135.0671823963,1483713.1086640920,USD,0.50000000,CLP3615W1037,00ZICB,SELL,EQSWAP,5493006QMFDDMYWIAM13106314925U579,5493006QMFDDMYWIAM131063_14925_U571
1063_14925_U578,11/11/2025 00:00:00,13/11/2026 00:00:00,LIVE,107213767.0000000000,14440862594.3156000920,CLP,134.6922414760,16045459.6110447784,USD,0.50000000,CLP3615W1037,00ZICD,SELL,EQSWAP,5493006QMFDDMYWIAM13106314925U578,5493006QMFDDMYWIAM131063_14925_U571
1063_14925_U580,11/11/2025 00:00:00,13/11/2026 00:00:00,LIVE,40857484.0000000000,5539568051.6686654212,CLP,135.5827013643,6203189.8943770656,USD,0.50000000,CLP3615W1037,00ZICE,SELL,EQSWAP,5493006QMFDDMYWIAM13106314925U580,5493006QMFDDMYWIAM131063_14925_U571
1063_14925_U582,11/11/2025 00:00:00,13/11/2026 00:00:00,LIVE,3349454.0000000000,453500145.2600738398,CLP,135.3952450937,507003.4305127390,USD,0.50000000,CLP3615W1037,00ZICG,SELL,EQSWAP,5493006QMFDDMYWIAM13106314925U582,5493006QMFDDMYWIAM131063_14925_U571
1063_14925_U581,11/11/2025 00:00:00,13/11/2026 00:00:00,LIVE,2725372.0000000000,369017593.5901155116,CLP,135.4008163253,412573.7172723504,USD,0.50000000,CLP3615W1037,007Y6R,SELL,EQSWAP,5493006QMFDDMYWIAM13106314925U581,5493006QMFDDMYWIAM131063_14925_U571
1070_10020_U924,30/01/2026 00:00:00,02/02/2027 00:00:00,LIVE,118600.0000000000,943725.9999949400,BRL,7.9572175379,185770.8017578400,USD,0.40000000,BRMRVEACNOR2,FPFL12,SELL,EQSWAP,5493006QMFDDMYWIAM13107010020U924,
1070_10056_U1203,30/01/2026 00:00:00,02/02/2027 00:00:00,LIVE,75000.0000000000,719457.0000000000,BRL,9.5927600000,144382.2998175000,USD,0.40000000,BRASAIACNOR0,FPFL12,SELL,EQSWAP,5493006QMFDDMYWIAM13107010056U1203,
1070_10066_U1002,30/01/2026 00:00:00,02/02/2027 00:00:00,LIVE,25000.0000000000,-381250.0000000000,BRL,15.2500000000,-73411.9102325000,USD,-0.30000000,BRABEVACNOR1,FPFL12,BUY,EQSWAP,5493006QMFDDMYWIAM13107010066U1002,
1070_10075_U1104,30/01/2026 00:00:00,02/02/2027 00:00:00,LIVE,15000.0000000000,878400.0000000000,BRL,58.5600000000,169141.0411770000,USD,0.40000000,BRAXIAACNOR0,FPFL12,SELL,EQSWAP,5493006QMFDDMYWIAM13107010075U1104,
1070_10765_U1138,30/01/2026 00:00:00,02/02/2027 00:00:00,LIVE,200000.0000000000,799191.0000000000,BRL,3.9959550000,157949.1284200000,USD,0.40000000,BRVAMOACNOR7,FPFL12,SELL,EQSWAP,5493006QMFDDMYWIAM13107010765U1138,
1070_11183_U1137,30/01/2026 00:00:00,02/02/2027 00:00:00,LIVE,58000.0000000000,652500.0000000000,BRL,11.2500000000,145968.8444700000,USD,0.40000000,BRPINEACNPR8,FPFL12,SELL,EQSWAP,5493006QMFDDMYWIAM13107011183U1137,
1070_11312_U926,30/01/2026 00:00:00,02/02/2027 00:00:00,LIVE,403719.0000000000,7723558.0399858314,BRL,19.1310244006,1494279.4906680081,USD,0.40000000,BRSMFTACNOR1,FPFL12,SELL,EQSWAP,5493006QMFDDMYWIAM13107011312U926,
1070_17504_U1057,30/01/2026 00:00:00,02/02/2027 00:00:00,LIVE,14751.0000000000,442.5300000000,BRL,0.0300000000,85.2117314499,USD,0.40000000,BRVAMOD01OR2,FPFL12,SELL,EQSWAP,5493006QMFDDMYWIAM13107017504U1057,
1071_10021_U935,30/01/2026 00:00:00,02/02/2027 00:00:00,LIVE,11000.0000000000,202400.0000000000,BRL,18.4000000000,38973.3000162000,USD,0.65000000,BRB3SAACNOR6,00Y7RD,SELL,EQSWAP,5493006QMFDDMYWIAM13107110021U935,
1071_10042_U934,30/01/2026 00:00:00,02/02/2027 00:00:00,LIVE,5200.0000000000,292708.0000000000,BRL,56.2900000000,56362.6319224800,USD,0.65000000,BRBPACUNT006,00Y7RD,SELL,EQSWAP,5493006QMFDDMYWIAM13107110042U934,
1071_10042_U1032,30/01/2026 00:00:00,02/02/2027 00:00:00,LIVE,3700.0000000000,208273.0000000000,BRL,56.2900000000,40104.1804063800,USD,0.65000000,BRBPACUNT006,00Y7RA,SELL,EQSWAP,5493006QMFDDMYWIAM13107110042U1032,5493006QMFDDMYWIAM131071_10042_U1031
1071_10044_U929,30/01/2026 00:00:00,02/02/2027 00:00:00,LIVE,14432.0000000000,339584.9600000000,BRL,23.5300000000,65389.0638687264,USD,0.65000000,BRRADLACNOR0,00Y7RD,SELL,EQSWAP,5493006QMFDDMYWIAM13107110044U929,
1071_10055_U930,30/01/2026 00:00:00,02/02/2027 00:00:00,LIVE,3800.0000000000,148086.0000000000,BRL,38.9700000000,28514.8226588600,USD,0.65000000,BRRDORACNOR8,00Y7RD,SELL,EQSWAP,5493006QMFDDMYWIAM13107110055U930,
1071_10060_U931,30/01/2026 00:00:00,02/02/2027 00:00:00,LIVE,2700.0000000000,94338.0000000000,BRL,34.9400000000,18165.3319016100,USD,0.65000000,BRTOTSACNOR8,00Y7RD,SELL,EQSWAP,5493006QMFDDMYWIAM13107110060U931,
1071_10303_U932,30/01/2026 00:00:00,02/02/2027 00:00:00,LIVE,2700.0000000000,62100.0000000000,BRL,23.0000000000,11957.7170502900,USD,0.65000000,BRBBASACNOR3,00Y7RD,SELL,EQSWAP,5493006QMFDDMYWIAM13107110303U932,
1071_10308_U933,30/01/2026 00:00:00,02/02/2027 00:00:00,LIVE,12556.0000000000,175532.8800000000,BRL,13.9800000000,33799.8794220356,USD,0.65000000,BRITSAACNPR7,00Y7RD,SELL,EQSWAP,5493006QMFDDMYWIAM13107110308U933,
1071_10401_U937,30/01/2026 00:00:00,02/02/2027 00:00:00,LIVE,58200.0000000000,1088922.0000000000,BRL,18.7100000000,209678.2796433000,USD,0.65000000,BRSLCEACNOR2,00Y7RD,SELL,EQSWAP,5493006QMFDDMYWIAM13107110401U937,
1071_10401_U936,30/01/2026 00:00:00,02/02/2027 00:00:00,LIVE,18112.0000000000,338875.5200000000,BRL,18.7100000000,65252.4570601280,USD,0.65000000,BRSLCEACNOR2,00Y7RA,SELL,EQSWAP,5493006QMFDDMYWIAM13107110401U936,
1071_11488_U938,30/01/2026 00:00:00,02/02/2027 00:00:00,LIVE,56600.0000000000,1466506.0000000000,BRL,25.9100000000,282384.2802054400,USD,0.65000000,BRVIVAACNOR0,00Y7RD,SELL,EQSWAP,5493006QMFDDMYWIAM13107111488U938,
1074_15221_U1026,26/02/2026 00:00:00,26/02/2027 00:00:00,LIVE,25000.0000000000,6395069.0500000000,MXN,255.8027620000,360909.6763950000,USD,0.70000000,MX01OM000018,00YRB9,SELL,EQSWAP,5493006QMFDDMYWIAM13107415221U1026,5493006QMFDDMYWIAM131074_15221_U1022
1041_13501_U515,08/01/2025 00:00:00,04/01/2027 00:00:00,DEAD,341700.0000000000,0.0000000000,BRL,0.0000000000,0.0000000000,USD,0.45000000,BRCPLEACNOR8,00FLOO,SELL,EQSWAP,5493006QMFDDMYWIAM13104113501U515,
